,code
0,1520
1,1517
2,4806
3,1515
4,4694
5,4693
6,4692
7,1516
8,1514
9,4749
10,4748
11,1513
12,1512
13,4690
14,4689
15,1510
16,4804
17,4803
18,1511
19,1509
20,4746
21,4745
22,4744
23,1508
24,1507
25,4908
26,4788
27,1505
28,4742
29,4741
30,1504
31,4852
32,4851
33,1506
34,1503
35,4739
36,4738
37,1502
38,4729
39,4728
40,4727
41,1501
42,1500
43,4786
44,4785
45,1499
46,1498
47,4849
48,4848
49,4847
50,1497
51,1496
52,4783
53,4782
54,4781
55,1495
56,1494
57,4906
58,1493
59,4773
60,4772
61,1492
62,1491
63,4845
64,4844
65,1490
66,4768
67,1488
68,4842
69,4841
70,1489
71,1487
72,4766
73,4765
74,1485
75,4954
76,4952
77,4951
78,1486
79,1484
80,4839
81,4838
82,4837
83,1483
84,1482
85,4897
86,4822
87,1481
88,1480
89,5021
90,5020
91,5019
92,1479
93,1478
94,4820
95,4819
96,4818
97,1477
98,1476
99,4816
100,4815
101,1475
102,1474
103,4888
104,4887
105,1473
106,1472
107,4813
108,4812
109,4811
110,4810
111,1471
112,1470
113,4885
114,1468
115,4949
116,1467
117,4883
118,4882
119,4881
120,1469
121,1466
122,4879
123,4878
124,1465
125,1464
126,5067
127,5066
128,4998
129,1463
130,1462
131,4876
132,4875
133,4874
134,1461
135,1460
136,4933
137,4932
138,4931
139,1459
140,1458
141,4872
142,4871
143,4870
144,1457
145,1456
146,4862
147,4861
148,4860
149,1455
150,1454
151,5137
152,5136
153,5135
154,1453
155,1452
156,4929
157,4927
158,1451
159,1450
160,4996
161,4995
162,1449
163,4925
164,4923
165,4922
166,1448
167,1447
168,5064
169,1446
170,4920
171,1445
172,4917
173,1443
174,4993
175,4992
176,4991
177,1444
178,1442
179,4914
180,4913
181,1441
182,1440
183,4911
184,1439
185,4976
186,1438
187,5061
188,1436
189,4974
190,4973
191,4972
192,1437
193,1435
194,4970
195,1434
196,1433
197,5133
198,5132
199,5131
200,1432
201,1431
202,4967
203,4966
204,1430
205,1429
206,4963
207,4962
208,1428
209,1427
210,5059
211,5058
212,5057
213,1426
214,1425
215,4960
216,4959
217,1424
218,1423
219,5188
220,5187
221,5119
222,1422
223,1421
224,5055
225,5054
226,1420
227,1419
228,5051
229,1418
230,5308
231,5307
232,1416
233,5049
234,1415
235,5117
236,5103
237,5102
238,5041
239,1417
240,1414
241,5185
242,1412
243,5039
244,5038
245,5037
246,1413
247,1411
248,5088
249,5029
250,5028
251,1410
252,1409
253,5086
254,5084
255,1408
256,1407
257,5255
258,1406
259,1405
260,1404
261,5081
262,1402
263,5079
264,5078
265,1403
266,1401
267,5183
268,5182
269,1400
270,1398
271,5076
272,5075
273,5074
274,1397
275,1396
276,5180
277,5179
278,5178
279,1395
280,1394
281,5072
282,5071
283,1393
284,5305
285,5304
286,5303
287,1392
288,5176
289,5175
290,1390
291,1389
292,5253
293,5167
294,1388
295,1387
296,5165
297,5164
298,5163
299,1386
300,1385
301,5360
302,5358
303,5357
304,1384
305,1383
306,5161
307,5160
308,1382
309,1381
310,5251
311,5250
312,1380
313,1379
314,5157
315,5156
316,5155
317,1378
318,1377
319,5301
320,5300
321,1376
322,1375
323,5248
324,5247
325,1373
326,5245
327,5244
328,5243
329,1374
330,1372
331,5298
332,5229
333,1371
334,5563
335,5562
336,1370
337,5227
338,1369
339,5296
340,1368
341,5201
342,5199
343,1367
344,1366
345,5286
346,1365
347,5355
348,5354
349,1364
350,5284
351,1363
352,1362
353,5352
354,5351
355,5273
356,1361
357,1360
358,5431
359,5430
360,5429
361,1359
362,1358
363,5271
364,5270
365,1357
366,1356
367,5349
368,5348
369,1355
370,1354
371,5268
372,5267
373,5266
374,1353
375,1352
376,5346
377,5345
378,5344
379,1351
380,1350
381,5485
382,5479
383,5411
384,1349
385,1348
386,5327
387,5326
388,5325
389,1347
390,1346
391,5323
392,1344
393,5560
394,5559
395,5558
396,1345
397,1343
398,5321
399,5320
400,5319
401,1342
402,1341
403,5317
404,5316
405,5314
406,1339
407,1338
408,5409
409,5401
410,1337
411,1336
412,5312
413,5311
414,5310
415,1335
416,1334
417,5477
418,5476
419,1332
420,5399
421,1331
422,5474
423,5473
424,1330
425,5397
426,1329
427,5395
428,5394
429,5393
430,1333
431,1328
432,5604
433,5603
434,1326
435,5391
436,1325
437,5471
438,5384
439,5383
440,1327
441,1324
442,5376
443,1323
444,5556
445,5555
446,1322
447,1321
448,5463
449,5462
450,1320
451,5600
452,1318
453,5460
454,5459
455,1319
456,1317
457,5457
458,1316
459,5639
460,5638
461,5637
462,1315
463,1314
464,5449
465,5448
466,1313
467,5446
468,5445
469,1311
470,5546
471,5545
472,1310
473,5598
474,1309
475,5526
476,5525
477,1308
478,5523
479,5522
480,1312
481,1307
482,5596
483,5595
484,1305
485,5520
486,5519
487,5505
488,1306
489,1304
490,5666
491,5588
492,5587
493,1303
494,1302
495,5503
496,5502
497,1301
498,1300
499,5585
500,5584
501,1299
502,1298
503,5489
504,5488
505,5487
506,1297
507,1296
508,5635
509,1295
510,5582
511,5581
512,1293
513,5703
514,5573
515,5572
516,1294
517,1292
518,5633
519,5632
520,1291
521,5570
522,5569
523,1289
524,5630
525,1288
526,5567
527,1287
528,5663
529,5623
530,1290
531,1286
532,5759
533,1284
534,5621
535,1283
536,5661
537,5660
538,5659
539,1285
540,1282
541,5619
542,5618
543,5617
544,1281
545,1280
546,5614
547,5613
548,1279
549,1278
550,5657
551,5656
552,5655
553,1277
554,1276
555,5611
556,5610
557,5609
558,1275
559,1274
560,5607
561,5606
562,1273
563,1272
564,5701
565,1271
566,5653
567,1270
568,5809
569,1269
570,5651
571,1267
572,5699
573,1266
574,5649
575,5648
576,1265
577,5646
578,5645
579,5644
580,1268
581,1264
582,5751
583,5750
584,5749
585,1263
586,1262
587,5642
588,5641
589,1261
590,5682
591,5681
592,1260
593,1259
594,5679
595,5678
596,5677
597,1258
598,1257
599,5747
600,5746
601,1256
602,5675
603,5674
604,1255
605,5672
606,1253
607,5839
608,5738
609,5737
610,1254
611,1251
612,5670
613,1250
614,5797
615,1249
616,5668
617,1248
618,5735
619,1247
620,5733
621,5732
622,5731
623,1246
624,1245
625,5918
626,1244
627,5724
628,5723
629,1243
630,5795
631,5712
632,5711
633,1242
634,1241
635,5793
636,5792
637,5791
638,1240
639,1239
640,5709
641,5708
642,1238
643,1237
644,5837
645,5836
646,1236
647,1235
648,5706
649,5705
650,1234
651,1233
652,5789
653,5788
654,5787
655,1232
656,1231
657,5784
658,5783
659,5782
660,1230
661,1229
662,5883
663,5882
664,5881
665,1228
666,1227
667,5780
668,5779
669,1226
670,5834
671,5833
672,5831
673,1225
674,1224
675,5777
676,5776
677,1222
678,5774
679,5773
680,5772
681,1223
682,1221
683,5916
684,5915
685,1220
686,5829
687,1219
688,5879
689,5878
690,1218
691,1217
692,5827
693,5826
694,1216
695,1215
696,5876
697,5875
698,5874
699,1214
700,1213
701,5824
702,5823
703,5822
704,1212
705,1211
706,5948
707,5947
708,1210
709,1209
710,5819
711,5818
712,5817
713,1208
714,1207
715,5872
716,5871
717,1206
718,1205
719,5815
720,1204
721,5869
722,5868
723,1203
724,1202
725,5913
726,5912
727,1201
728,5865
729,5864
730,5862
731,1200
732,1199
733,5904
734,1198
735,1197
736,5860
737,5858
738,5857
739,1196
740,1195
741,5945
742,5944
743,1194
744,1193
745,5902
746,5901
747,1192
748,1190
749,5846
750,5845
751,5844
752,1189
753,5842
754,5841
755,1187
756,1186
757,5942
758,5941
759,1185
760,1184
761,5899
762,5898
763,5897
764,1183
765,1182
766,5975
767,5974
768,5973
769,1181
770,1180
771,5895
772,5894
773,1179
774,1178
775,5939
776,5938
777,5937
778,1177
779,1176
780,5892
781,5891
782,1175
783,1174
784,1173
785,5888
786,5887
787,1172
788,1171
789,5885
790,1170
791,5935
792,5934
793,1169
794,1168
795,5971
796,5970
797,5969
798,1167
799,1166
800,5932
801,5931
802,5930
803,1165
804,1164
805,5928
806,5927
807,1163
808,1162
809,1161
810,1160
811,5925
812,5924
813,5923
814,1159
815,1158
816,5967
817,5966
818,1157
819,1156
820,5921
821,5920
822,1155
823,1154
824,1153
825,1152
826,5964
827,5963
828,1151
829,1150
830,1149
831,1148
832,5961
833,5960
834,1147
835,1146
836,6003
837,6002
838,1145
839,1144
840,5958
841,5957
842,1143
843,1142
844,5955
845,5954
846,1141
847,1140
848,1139
849,1138
850,5952
851,5951
852,5950
853,1137
854,1136
855,6000
856,5999
857,5998
858,1135
859,1134
860,1133
861,5996
862,5995
863,1132
864,5993
865,5992
866,1129
867,1128
868,1127
869,5981
870,1130
871,1126
872,1125
873,1124
874,5979
875,5978
876,5977
877,1123
878,1122
879,1121
880,1119
881,1120
882,1118
883,1117
884,1116
885,1115
886,1114
887,1113
888,1112
889,1111
890,1110
891,1109
892,1108
893,1107
894,1106
895,1105
896,1104
897,1103
898,1102
899,1101
900,1100
901,1099
902,1098
903,1097
904,1096
905,1095
906,1094
907,1093
908,1092
909,1091
910,1090
911,1089
912,1088
913,1087
914,1086
915,1085
916,1084
917,1083
918,1082
919,1081
920,1080
921,1079
922,1078
923,1077
924,1076
925,1075
926,1074
927,1073
928,1072
929,1071
930,1070
931,1069
932,1068
933,1067
934,1066
935,1065
936,1064
937,1063
938,1062
939,1061
940,1060
941,1057
942,1059
943,1056
944,1055
945,1054
946,1053
947,1050
948,1049
949,1052
950,1047
951,1046
952,1044
953,1043
954,1042
955,1041
956,1040
957,1039
958,1038
959,1037
960,1036
961,1035
962,1034
963,1033
964,1032
965,1031
966,1029
967,1028
968,1027
969,1026
970,1030
971,1025
972,1024
973,1022
974,1023
975,1021
976,1020
977,1018
978,1013
979,1012
980,1016
981,1011
982,1010
983,1009
984,1006
985,1007
986,1004
987,1002
988,1001
989,1000
990,999
991,1003
992,998
993,997
994,996
995,995
996,993
997,994
998,992
999,991
1000,990
1001,989
1002,988
1003,986
1004,985
1005,984
1006,983
1007,982
1008,981
1009,980
1010,979
1011,978
1012,977
1013,976
1014,975
1015,974
1016,973
1017,972
1018,971
1019,970
1020,969
1021,968
1022,967
1023,966
1024,965
1025,964
1026,963
1027,962
1028,961
1029,960
1030,959
1031,958
1032,957
1033,955
1034,954
1035,950
1036,949
1037,948
1038,947
1039,945
1040,946
1041,944
1042,943
1043,942
1044,939
1045,938
1046,937
1047,936
1048,935
1049,933
1050,934
1051,932
1052,931
1053,929
1054,928
1055,927
1056,926
1057,925
1058,924
1059,923
1060,922
1061,921
1062,920
1063,919
1064,930
1065,918
1066,917
1067,916
1068,915
1069,914
1070,913
1071,911
1072,910
1073,908
1074,907
1075,906
1076,904
1077,903
1078,902
1079,901
1080,900
1081,905
1082,899
1083,898
1084,896
1085,895
1086,897
1087,894
1088,893
1089,890
1090,889
1091,888
1092,891
1093,887
1094,885
1095,884
1096,886
1097,883
1098,882
1099,881
1100,880
1101,879
1102,878
1103,877
1104,876
1105,875
1106,873
1107,874
1108,872
1109,871
1110,870
1111,868
1112,867
1113,869
1114,866
1115,865
1116,864
1117,861
1118,863
1119,860
1120,859
1121,858
1122,857
1123,856
1124,855
1125,854
1126,853
1127,851
1128,850
1129,849
1130,852
1131,848
1132,847
1133,845
1134,844
1135,843
1136,846
1137,842
1138,841
1139,840
1140,839
1141,838
1142,837
1143,836
1144,834
1145,835
1146,833
1147,832
1148,831
1149,830
1150,829
1151,828
1152,827
1153,826
1154,825
1155,824
1156,823
1157,821
1158,822
1159,820
1160,6004
1161,819
1162,6001
1163,818
1164,5997
1165,817
1166,5994
1167,5991
1168,815
1169,5983
1170,5980
1171,814
1172,813
1173,5976
1174,812
1175,5972
1176,811
1177,5968
1178,810
1179,5965
1180,809
1181,5962
1182,808
1183,5959
1184,806
1185,5956
1186,5953
1187,807
1188,805
1189,5949
1190,804
1191,5946
1192,803
1193,5943
1194,5940
1195,802
1196,801
1197,5936
1198,800
1199,799
1200,5933
1201,796
1202,5929
1203,5926
1204,797
1205,795
1206,5922
1207,794
1208,5919
1209,793
1210,792
1211,5917
1212,5914
1213,791
1214,5911
1215,790
1216,789
1217,5903
1218,788
1219,5900
1220,787
1221,5896
1222,786
1223,5893
1224,784
1225,5890
1226,783
1227,5886
1228,5884
1229,785
1230,782
1231,5880
1232,780
1233,5877
1234,5873
1235,779
1236,5870
1237,5867
1238,777
1239,5861
1240,778
1241,776
1242,5856
1243,775
1244,5847
1245,773
1246,5843
1247,5840
1248,5838
1249,774
1250,772
1251,5835
1252,771
1253,5830
1254,770
1255,769
1256,5828
1257,767
1258,5825
1259,766
1260,5821
1261,765
1262,5816
1263,768
1264,764
1265,5814
1266,5808
1267,761
1268,5798
1269,5796
1270,762
1271,760
1272,5794
1273,5790
1274,759
1275,758
1276,5786
1277,5781
1278,757
1279,5778
1280,755
1281,5775
1282,5771
1283,756
1284,753
1285,5760
1286,752
1287,5758
1288,750
1289,5748
1290,5745
1291,751
1292,749
1293,5736
1294,748
1295,5734
1296,5730
1297,747
1298,746
1299,5722
1300,744
1301,5710
1302,745
1303,743
1304,5707
1305,742
1306,741
1307,5704
1308,5702
1309,740
1310,738
1311,5700
1312,5698
1313,5690
1314,736
1315,735
1316,5680
1317,5676
1318,734
1319,733
1320,5671
1321,732
1322,5669
1323,730
1324,5667
1325,728
1326,5665
1327,727
1328,5662
1329,725
1330,5658
1331,5654
1332,726
1333,724
1334,5652
1335,723
1336,722
1337,721
1338,5650
1339,719
1340,5647
1341,5643
1342,718
1343,5640
1344,717
1345,5636
1346,716
1347,720
1348,715
1349,5634
1350,714
1351,5631
1352,5629
1353,713
1354,712
1355,5622
1356,711
1357,5620
1358,710
1359,5616
1360,5612
1361,709
1362,708
1363,5608
1364,5605
1365,707
1366,5602
1367,705
1368,5597
1369,5594
1370,706
1371,704
1372,5586
1373,5583
1374,703
1375,702
1376,5580
1377,700
1378,5571
1379,699
1380,701
1381,5566
1382,697
1383,5564
1384,695
1385,5561
1386,5557
1387,696
1388,694
1389,5554
1390,693
1391,5547
1392,691
1393,5544
1394,690
1395,5524
1396,5521
1397,692
1398,689
1399,5518
1400,5504
1401,688
1402,687
1403,5501
1404,5496
1405,686
1406,684
1407,5484
1408,5478
1409,685
1410,683
1411,5475
1412,5472
1413,682
1414,681
1415,5470
1416,680
1417,5461
1418,679
1419,5458
1420,5456
1421,677
1422,5447
1423,5444
1424,678
1425,676
1426,5434
1427,5432
1428,675
1429,674
1430,5428
1431,5417
1432,673
1433,671
1434,5408
1435,5400
1436,672
1437,670
1438,5398
1439,669
1440,5396
1441,5392
1442,668
1443,667
1444,5390
1445,664
1446,5382
1447,5375
1448,5371
1449,666
1450,661
1451,5361
1452,5356
1453,659
1454,5353
1455,5350
1456,658
1457,5347
1458,5343
1459,660
1460,657
1461,5324
1462,5322
1463,656
1464,654
1465,5318
1466,5313
1467,653
1468,652
1469,5309
1470,650
1471,5306
1472,5302
1473,649
1474,5299
1475,5297
1476,651
1477,648
1478,5295
1479,5287
1480,5285
1481,647
1482,646
1483,5283
1484,645
1485,5272
1486,644
1487,5269
1488,642
1489,5265
1490,641
1491,5263
1492,640
1493,5254
1494,639
1495,643
1496,638
1497,5249
1498,5246
1499,5242
1500,636
1501,5234
1502,5228
1503,635
1504,5225
1505,634
1506,5198
1507,632
1508,5196
1509,5189
1510,633
1511,631
1512,5186
1513,630
1514,5184
1515,629
1516,5181
1517,5177
1518,628
1519,5174
1520,627
1521,5166
1522,5162
1523,626
1524,625
1525,5158
1526,623
1527,5154
1528,5148
1529,624
1530,621
1531,5142
1532,5138
1533,619
1534,5134
1535,5130
1536,618
1537,5118
1538,617
1539,5116
1540,5101
1541,620
1542,616
1543,5087
1544,5082
1545,615
1546,5080
1547,5077
1548,614
1549,5073
1550,613
1551,5070
1552,612
1553,5068
1554,5065
1555,611
1556,5062
1557,5060
1558,610
1559,5056
1560,609
1561,5053
1562,5050
1563,607
1564,5048
1565,605
1566,5040
1567,604
1568,5036
1569,603
1570,5027
1571,5024
1572,602
1573,5022
1574,5018
1575,606
1576,4997
1577,600
1578,4994
1579,599
1580,4989
1581,4975
1582,598
1583,4971
1584,4968
1585,597
1586,4965
1587,4961
1588,596
1589,4957
1590,595
1591,4955
1592,4950
1593,594
1594,4947
1595,593
1596,4934
1597,4930
1598,592
1599,4926
1600,591
1601,4921
1602,589
1603,4918
1604,4915
1605,588
1606,4912
1607,4909
1608,586
1609,4907
1610,4905
1611,585
1612,584
1613,4896
1614,4889
1615,4886
1616,4884
1617,582
1618,4880
1619,4877
1620,581
1621,4873
1622,580
1623,4869
1624,4859
1625,579
1626,4856
1627,4853
1628,578
1629,4850
1630,4846
1631,4843
1632,4840
1633,575
1634,4836
1635,574
1636,4821
1637,576
1638,573
1639,4817
1640,4814
1641,572
1642,4809
1643,4807
1644,569
1645,4805
1646,4802
1647,571
1648,568
1649,4787
1650,567
1651,4784
1652,566
1653,4779
1654,564
1655,4771
1656,4769
1657,563
1658,4767
1659,562
1660,4764
1661,561
1662,4761
1663,560
1664,559
1665,4755
1666,4752
1667,4750
1668,558
1669,557
1670,4747
1671,556
1672,4743
1673,555
1674,4740
1675,554
1676,4737
1677,4726
1678,553
1679,4723
1680,552
1681,4720
1682,551
1683,4713
1684,550
1685,4710
1686,549
1687,4708
1688,548
1689,4703
1690,547
1691,4695
1692,545
1693,4691
1694,546
1695,544
1696,4688
1697,542
1698,4678
1699,541
1700,543
1701,540
1702,4675
1703,539
1704,4671
1705,4668
1706,537
1707,4664
1708,4661
1709,536
1710,4655
1711,535
1712,4651
1713,4648
1714,538
1715,4635
1716,533
1717,4630
1718,4624
1719,4622
1720,532
1721,531
1722,4616
1723,4614
1724,530
1725,4612
1726,529
1727,4610
1728,4602
1729,4599
1730,525
1731,4595
1732,524
1733,4593
1734,4584
1735,526
1736,523
1737,4580
1738,4577
1739,522
1740,521
1741,4571
1742,519
1743,4561
1744,4556
1745,518
1746,4552
1747,517
1748,4549
1749,515
1750,4547
1751,4543
1752,516
1753,514
1754,4539
1755,4531
1756,513
1757,4529
1758,511
1759,4525
1760,4523
1761,512
1762,510
1763,509
1764,508
1765,4516
1766,507
1767,4514
1768,4511
1769,506
1770,505
1771,4508
1772,4505
1773,503
1774,4495
1775,4491
1776,504
1777,501
1778,4489
1779,4487
1780,500
1781,499
1782,4485
1783,4482
1784,497
1785,4478
1786,496
1787,4475
1788,4471
1789,498
1790,494
1791,4468
1792,493
1793,4464
1794,4460
1795,4457
1796,492
1797,491
1798,4454
1799,4452
1800,490
1801,4449
1802,488
1803,4445
1804,4443
1805,489
1806,487
1807,4432
1808,485
1809,4428
1810,4421
1811,486
1812,4412
1813,483
1814,4408
1815,481
1816,4386
1817,480
1818,4382
1819,4379
1820,482
1821,479
1822,4376
1823,478
1824,4366
1825,4364
1826,477
1827,4362
1828,4359
1829,476
1830,475
1831,4357
1832,474
1833,4354
1834,4351
1835,473
1836,472
1837,4341
1838,4335
1839,471
1840,470
1841,4325
1842,468
1843,4322
1844,4317
1845,469
1846,467
1847,4315
1848,466
1849,4306
1850,4304
1851,465
1852,4301
1853,4288
1854,464
1855,4285
1856,4282
1857,463
1858,4279
1859,4273
1860,4268
1861,460
1862,4260
1863,4258
1864,459
1865,4256
1866,4254
1867,458
1868,457
1869,4252
1870,4242
1871,456
1872,455
1873,4239
1874,454
1875,4237
1876,4234
1877,453
1878,4231
1879,451
1880,4227
1881,452
1882,450
1883,4225
1884,4222
1885,449
1886,4220
1887,448
1888,4209
1889,447
1890,4206
1891,446
1892,4192
1893,445
1894,4190
1895,443
1896,4186
1897,444
1898,442
1899,4182
1900,4174
1901,440
1902,4172
1903,439
1904,4160
1905,441
1906,438
1907,4158
1908,4155
1909,4139
1910,437
1911,436
1912,4126
1913,435
1914,434
1915,4119
1916,433
1917,432
1918,4114
1919,431
1920,4112
1921,4099
1922,430
1923,429
1924,4096
1925,428
1926,427
1927,4088
1928,426
1929,425
1930,4084
1931,4078
1932,4075
1933,424
1934,423
1935,4065
1936,421
1937,4056
1938,4049
1939,4044
1940,422
1941,420
1942,4039
1943,4034
1944,4030
1945,419
1946,418
1947,4027
1948,4023
1949,4019
1950,417
1951,416
1952,4016
1953,4011
1954,4007
1955,415
1956,414
1957,4004
1958,3999
1959,3994
1960,3989
1961,413
1962,412
1963,3986
1964,3981
1965,3978
1966,3973
1967,411
1968,3963
1969,410
1970,409
1971,3960
1972,408
1973,407
1974,3955
1975,3950
1976,405
1977,3947
1978,3941
1979,3936
1980,406
1981,404
1982,403
1983,402
1984,401
1985,400
1986,3931
1987,399
1988,398
1989,3928
1990,397
1991,396
1992,3924
1993,395
1994,394
1995,3918
1996,393
1997,392
1998,391
1999,390
2000,3912
2001,389
2002,388
2003,387
2004,386
2005,3906
2006,3901
2007,3896
2008,385
2009,384
2010,3890
2011,383
2012,382
2013,3885
2014,381
2015,380
2016,379
2017,378
2018,3882
2019,377
2020,3877
2021,376
2022,375
2023,3865
2024,3859
2025,374
2026,3853
2027,3847
2028,373
2029,372
2030,3841
2031,371
2032,370
2033,3836
2034,3833
2035,369
2036,368
2037,3828
2038,3822
2039,3817
2040,367
2041,366
2042,3813
2043,3810
2044,365
2045,364
2046,3806
2047,3793
2048,362
2049,363
2050,361
2051,3790
2052,3787
2053,360
2054,359
2055,3783
2056,3780
2057,3777
2058,358
2059,357
2060,3774
2061,3771
2062,356
2063,355
2064,3768
2065,3759
2066,3756
2067,3753
2068,354
2069,353
2070,3750
2071,352
2072,351
2073,3747
2074,3744
2075,350
2076,349
2077,3741
2078,3738
2079,348
2080,347
2081,3732
2082,3726
2083,346
2084,345
2085,3722
2086,3719
2087,344
2088,343
2089,3714
2090,3711
2091,3708
2092,342
2093,341
2094,3703
2095,3699
2096,340
2097,339
2098,3684
2099,3678
2100,338
2101,337
2102,3675
2103,3670
2104,3667
2105,336
2106,335
2107,3662
2108,3658
2109,334
2110,333
2111,3644
2112,3641
2113,332
2114,331
2115,3638
2116,3635
2117,330
2118,3632
2119,3629
2120,329
2121,328
2122,3626
2123,3623
2124,327
2125,326
2126,324
2127,3620
2128,3617
2129,323
2130,322
2131,3615
2132,321
2133,320
2134,3612
2135,3610
2136,319
2137,318
2138,3607
2139,3604
2140,317
2141,316
2142,3602
2143,3591
2144,315
2145,314
2146,3588
2147,3582
2148,312
2149,3576
2150,313
2151,3573
2152,3568
2153,310
2154,309
2155,3561
2156,3556
2157,308
2158,307
2159,3554
2160,3550
2161,3545
2162,3540
2163,306
2164,305
2165,3534
2166,3531
2167,3528
2168,304
2169,303
2170,3524
2171,302
2172,301
2173,3521
2174,3516
2175,3510
2176,300
2177,299
2178,3507
2179,3501
2180,298
2181,3498
2182,3495
2183,3490
2184,297
2185,296
2186,3487
2187,3484
2188,295
2189,294
2190,293
2191,292
2192,3478
2193,291
2194,290
2195,3467
2196,3461
2197,289
2198,288
2199,3458
2200,3452
2201,287
2202,286
2203,3449
2204,3444
2205,285
2206,284
2207,3441
2208,3438
2209,3432
2210,3427
2211,283
2212,282
2213,3422
2214,3418
2215,3412
2216,3406
2217,281
2218,280
2219,3403
2220,3397
2221,279
2222,3391
2223,3385
2224,3382
2225,278
2226,277
2227,3379
2228,3376
2229,3373
2230,3368
2231,276
2232,275
2233,3365
2234,3362
2235,3357
2236,274
2237,273
2238,3354
2239,3351
2240,3348
2241,3345
2242,272
2243,271
2244,3342
2245,3338
2246,3335
2247,270
2248,269
2249,3332
2250,3326
2251,268
2252,267
2253,3323
2254,3320
2255,266
2256,3315
2257,265
2258,264
2259,3312
2260,3309
2261,263
2262,262
2263,3305
2264,3302
2265,3299
2266,3293
2267,261
2268,260
2269,3290
2270,3284
2271,3281
2272,3278
2273,259
2274,258
2275,3273
2276,3267
2277,257
2278,256
2279,3262
2280,3257
2281,255
2282,3254
2283,3251
2284,254
2285,3247
2286,253
2287,252
2288,3244
2289,3241
2290,3236
2291,3233
2292,251
2293,250
2294,3230
2295,3224
2296,248
2297,3218
2298,249
2299,247
2300,3215
2301,3212
2302,3208
2303,3196
2304,246
2305,245
2306,3193
2307,244
2308,243
2309,3190
2310,3185
2311,3180
2312,242
2313,241
2314,3177
2315,3171
2316,240
2317,239
2318,3165
2319,238
2320,237
2321,3160
2322,3154
2323,236
2324,235
2325,3151
2326,234
2327,233
2328,3148
2329,3143
2330,3138
2331,232
2332,231
2333,3132
2334,3126
2335,229
2336,3120
2337,3114
2338,3111
2339,230
2340,228
2341,3108
2342,227
2343,226
2344,225
2345,224
2346,3103
2347,3097
2348,3094
2349,3088
2350,223
2351,222
2352,3083
2353,221
2354,220
2355,3080
2356,3075
2357,3071
2358,3067
2359,3065
2360,219
2361,218
2362,3063
2363,3057
2364,217
2365,216
2366,3051
2367,3046
2368,215
2369,214
2370,3043
2371,3037
2372,213
2373,3032
2374,3026
2375,212
2376,3023
2377,3018
2378,211
2379,3012
2380,210
2381,209
2382,3006
2383,208
2384,207
2385,206
2386,205
2387,3001
2388,204
2389,203
2390,2995
2391,2989
2392,2984
2393,202
2394,201
2395,2970
2396,2954
2397,200
2398,2948
2399,2942
2400,198
2401,197
2402,2937
2403,196
2404,195
2405,2934
2406,2930
2407,2924
2408,2919
2409,194
2410,193
2411,2913
2412,2902
2413,192
2414,191
2415,2897
2416,190
2417,189
2418,188
2419,187
2420,2891
2421,2885
2422,2878
2423,2875
2424,186
2425,185
2426,2872
2427,184
2428,183
2429,2866
2430,182
2431,181
2432,2860
2433,179
2434,2852
2435,2847
2436,180
2437,178
2438,177
2439,176
2440,2841
2441,2835
2442,2829
2443,2824
2444,2820
2445,175
2446,2806
2447,174
2448,173
2449,2803
2450,172
2451,171
2452,170
2453,169
2454,2797
2455,2792
2456,2786
2457,168
2458,167
2459,2781
2460,2778
2461,166
2462,165
2463,2775
2464,2773
2465,164
2466,163
2467,2764
2468,162
2469,161
2470,2758
2471,160
2472,159
2473,158
2474,157
2475,2747
2476,2744
2477,156
2478,155
2479,2739
2480,2736
2481,154
2482,153
2483,152
2484,151
2485,2730
2486,2727
2487,150
2488,149
2489,2717
2490,2713
2491,148
2492,147
2493,146
2494,145
2495,2706
2496,144
2497,143
2498,2703
2499,2698
2500,2695
2501,142
2502,141
2503,2691
2504,2688
2505,139
2506,2682
2507,2677
2508,2671
2509,138
2510,137
2511,2665
2512,136
2513,135
2514,2651
2515,134
2516,133
2517,2645
2518,2642
2519,132
2520,131
2521,2639
2522,2626
2523,130
2524,129
2525,128
2526,127
2527,2623
2528,126
2529,125
2530,2620
2531,124
2532,123
2533,2615
2534,122
2535,121
2536,120
2537,119
2538,118
2539,117
2540,2608
2541,2601
2542,116
2543,115
2544,114
2545,113
2546,2596
2547,2592
2548,2589
2549,2586
2550,112
2551,2583
2552,111
2553,110
2554,2579
2555,2572
2556,109
2557,108
2558,2568
2559,107
2560,106
2561,2562
2562,105
2563,104
2564,2557
2565,2553
2566,103
2567,102
2568,2542
2569,101
2570,100
2571,2537
2572,99
2573,98
2574,97
2575,96
2576,2532
2577,94
2578,2530
2579,2528
2580,2517
2581,92
2582,2514
2583,2506
2584,93
2585,91
2586,90
2587,89
2588,2503
2589,88
2590,87
2591,2499
2592,2487
2593,86
2594,85
2595,84
2596,83
2597,82
2598,81
2599,2485
2600,80
2601,79
2602,2483
2603,2480
2604,78
2605,77
2606,2477
2607,76
2608,74
2609,73
2610,72
2611,71
2612,70
2613,2471
2614,69
2615,68
2616,67
2617,66
2618,2468
2619,65
2620,64
2621,63
2622,61
2623,60
2624,2461
2625,2459
2626,59
2627,58
2628,2451
2629,57
2630,56
2631,2447
2632,2444
2633,2441
2634,54
2635,55
2636,53
2637,2434
2638,2431
2639,2424
2640,52
2641,51
2642,50
2643,49
2644,2421
2645,2418
2646,48
2647,2415
2648,2413
2649,46
2650,2410
2651,2407
2652,2404
2653,45
2654,2402
2655,47
2656,44
2657,2393
2658,43
2659,42
2660,2391
2661,2388
2662,41
2663,40
2664,2385
2665,39
2666,38
2667,2383
2668,37
2669,36
2670,2381
2671,35
2672,34
2673,2378
2674,33
2675,32
2676,31
2677,30
2678,2369
2679,29
2680,28
2681,27
2682,26
2683,2364
2684,2360
2685,25
2686,24
2687,2354
2688,23
2689,22
2690,2351
2691,2337
2692,2328
2693,20
2694,2320
2695,2316
2696,21
2697,19
2698,2313
2699,2310
2700,18
2701,17
2702,2307
2703,16
2704,15
2705,2305
2706,14
2707,13
2708,2296
2709,2293
2710,11
2711,2290
2712,2286
2713,12
2714,10
2715,2283
2716,2280
2717,9
2718,8
2719,2278
2720,2276
2721,2258
2722,7
2723,2253
2724,6
2725,5
2726,4
2727,3
2728,2
2729,1
